score_etoiles,score_dc,titre,entreprise,metier_norm,secteur_norm,niveau_norm,lieu,contrat,date_pub,date_limite,salaire,source,url,niveau_source,secteur_source,first_seen,last_seen,statut,raison_archive
★★★★★,5,Directeur(trice) Juridique & Fiscale Groupe (H/F),YESHI GROUP,Finance & Contrôle de gestion,Finance & Banque,Manager/Direction,Côte d'ivoire,,03 Juillet,,,Novojob,https://www.novojob.com/cote-d-ivoire/offres-d-emploi/offre-d-emploi/cote-d-ivoire/136757-directeur-trice-juridique-fiscale-groupe-h-f,Cadre dirigeant ( Plus de 10 ans ),,2026-07-06,2026-07-06,active,
★★★★★,5,CHEF D'ATELIER MAINTENANCE CONDITIONNEMENT,SOLIBRA (Société de Limonaderies et de Brasseries d'Afrique),Production & Industrie,Ingénierie & Industrie,Senior,"Bouafle, Côte d'ivoire",,19 Juin,,,Novojob,https://www.novojob.com/cote-d-ivoire/offres-d-emploi/offre-d-emploi/cote-d-ivoire/bouafle/136736-chef-d-atelier-maintenance-conditionnement,Confirmé / Expérimenté ( 1 à 2 ans ),,2026-06-19,2026-07-06,active,
★★★★★,5,CHEF D'ATELIER MAINTENANCE CONDITIONNEMENT,Solibra CI,Production & Industrie,Ingénierie & Industrie,Senior,Côte d'Ivoire,Full-time,2026-06-19,,,LinkedIn,https://ci.linkedin.com/jobs/view/chef-d-atelier-maintenance-conditionnement-at-solibra-ci-4430031085?position=32&pageNum=0&refId=4Jpc0wwY7rwx6x0qEeMHqA%3D%3D&trackingId=QROtPMQlsD5i3cL1gk3Krw%3D%3D,Not Applicable,Beverage Manufacturing,2026-06-22,2026-07-06,active,
★★★★★,5,Principal Prompt Engineer,Mass Markets,Ingénierie & Technique,Ingénierie & Industrie,Senior,"Za, Sassandra-Marahoué, Côte d'Ivoire",Full-time,2026-06-12,,,LinkedIn,https://ci.linkedin.com/jobs/view/principal-prompt-engineer-at-mass-markets-4425305628?position=1&pageNum=7&refId=wSe8P2Xh6xznQH53pgYmww%3D%3D&trackingId=UbUSvDdLHVWYYpPnAaacJQ%3D%3D,Not Applicable,IT Services and IT Consulting,2026-06-19,2026-07-06,active,
★★★★★,5,Process Safety Specialist,Eni,"Qualité, Hygiène & Sécurité",Ingénierie & Industrie,Senior,"Abidjan, Côte d'Ivoire",Full-time,2026-07-02,,,LinkedIn,https://ci.linkedin.com/jobs/view/process-safety-specialist-at-eni-4425474961?position=54&pageNum=0&refId=4Jpc0wwY7rwx6x0qEeMHqA%3D%3D&trackingId=WE%2BgNVdEDu3mvDFHzkfVFw%3D%3D,Mid-Senior level,Oil and Gas,2026-07-06,2026-07-06,active,
★★★★★,5,RESPONSABLE MAINTENANCE - CIMENTERIE,YESHI GROUP,Maintenance,Ingénierie & Industrie,Senior,Côte d'ivoire,,26 Juin,,,Novojob,https://www.novojob.com/cote-d-ivoire/offres-d-emploi/offre-d-emploi/cote-d-ivoire/136749-responsable-maintenance-cimenterie,Manager / Responsable département ( Plus de 10 ans ),,2026-06-29,2026-07-06,active,
★★★★★,5,Reservoir Engineer,Eni,Ingénierie & Technique,Ingénierie & Industrie,Senior,"Abidjan, Côte d'Ivoire",Contract,2026-07-02,,,LinkedIn,https://ci.linkedin.com/jobs/view/reservoir-engineer-at-eni-4425478922?position=26&pageNum=0&refId=4Jpc0wwY7rwx6x0qEeMHqA%3D%3D&trackingId=WvA44OoDo6f3oJ1GCNfF%2Fg%3D%3D,Mid-Senior level,Oil and Gas,2026-06-19,2026-07-06,active,
★★★★★,5,Responsable Maintenance Mécanique – Cimenterie,YESHI GROUP,Ingénierie & Technique,Ingénierie & Industrie,Senior,Côte d'ivoire,,26 Juin,,,Novojob,https://www.novojob.com/cote-d-ivoire/offres-d-emploi/offre-d-emploi/cote-d-ivoire/136751-responsable-maintenance-mecanique-cimenterie,Manager / Responsable département ( Plus de 10 ans ),,2026-06-29,2026-07-06,active,
★★★★★,5,Responsable Production – Cimenterie,YESHI GROUP,Production & Industrie,Ingénierie & Industrie,Senior,Côte d'ivoire,,26 Juin,,,Novojob,https://www.novojob.com/cote-d-ivoire/offres-d-emploi/offre-d-emploi/cote-d-ivoire/136750-responsable-production-cimenterie,Manager / Responsable département ( Plus de 10 ans ),,2026-06-29,2026-07-06,active,
★★★★★,5,Responsable Qualité de la Donnée/ Solution Agent – Flotte Automobile VTC (H/F),Heetch,"Qualité, Hygiène & Sécurité",Ingénierie & Industrie,Senior,"Abidjan, Côte d'Ivoire",Full-time,2026-07-03,,,LinkedIn,https://ci.linkedin.com/jobs/view/responsable-qualit%C3%A9-de-la-donn%C3%A9e-solution-agent-%E2%80%93-flotte-automobile-vtc-h-f-at-heetch-4436743370?position=38&pageNum=0&refId=4Jpc0wwY7rwx6x0qEeMHqA%3D%3D&trackingId=8Gxs1ARrDQ7hN6%2FYm%2BrUOA%3D%3D,Not Applicable,Information Technology & Services,2026-07-06,2026-07-06,active,
★★★★★,5,Superviseur Maintenance Mécanique - Cimenterie,YESHI GROUP,Ingénierie & Technique,Ingénierie & Industrie,Senior,Côte d'ivoire,,25 Juin,,,Novojob,https://www.novojob.com/cote-d-ivoire/offres-d-emploi/offre-d-emploi/cote-d-ivoire/136747-superviseur-maintenance-mecanique-cimenterie,Responsable d'équipe ( 6 à 10 ans ),,2026-06-29,2026-07-06,active,
★★★★★,5,JURISTE SENIOR CHARGE DES CONTRATS H/F,BOA CI,Juridique & Conformité,Juridique,Senior,"Abidjan, Côte d'ivoire",,12 Juin,,,Novojob,https://www.novojob.com/cote-d-ivoire/offres-d-emploi/offre-d-emploi/cote-d-ivoire/abidjan/136727-juriste-senior-charge-des-contrats-h-f,Confirmé / Expérimenté ( 3 à 5 ans ),,2026-06-19,2026-07-06,active,
★★★★★,5,JURISTE SENIOR CHARGE DES CONTRATS H/F,BOA CI,Juridique & Conformité,Juridique,Senior,"Abidjan, Côte d'ivoire",,12 Juin,,,Novojob,https://www.novojob.com/cote-d-ivoire/offres-d-emploi/offre-d-emploi/cote-d-ivoire/abidjan/136722-juriste-senior-charge-des-contrats-h-f,Confirmé / Expérimenté ( 3 à 5 ans ),,2026-06-19,2026-07-06,active,
★★★★★,5,"Regional Regulatory Affairs & Compliance Specialist (West Africa), Fintech",Optasia,Juridique & Conformité,Juridique,Senior,Côte d'Ivoire,Contract,2026-06-19,,,LinkedIn,https://ci.linkedin.com/jobs/view/regional-regulatory-affairs-compliance-specialist-west-africa-fintech-at-optasia-4430917920?position=58&pageNum=0&refId=4Jpc0wwY7rwx6x0qEeMHqA%3D%3D&trackingId=tuTy5Mj6zyt8vSUwXlKprg%3D%3D,Mid-Senior level,IT Services and IT Consulting,2026-06-19,2026-07-06,active,
★★★★★,5,Marketing and Operations Manager,Plein Sud Distribution,Marketing & Growth,Marketing & Communication,Senior,"Cocody, Abidjan, Côte d'Ivoire",Full-time,2026-07-02,,,LinkedIn,https://ci.linkedin.com/jobs/view/marketing-and-operations-manager-at-plein-sud-distribution-4436363963?position=39&pageNum=0&refId=4Jpc0wwY7rwx6x0qEeMHqA%3D%3D&trackingId=ofbIxlyEa8X5RN5nE6Fq3w%3D%3D,Mid-Senior level,Retail Health and Personal Care Products,2026-07-06,2026-07-06,active,
★★★★★,5,Chef de Projet Senior SAP S/4HANA – Business One (H/F),YESHI GROUP,Gestion de projet,ONG & Projets,Senior,Côte d'ivoire,,17 Mai,,,Novojob,https://www.novojob.com/cote-d-ivoire/offres-d-emploi/offre-d-emploi/cote-d-ivoire/136691-chef-de-projet-senior-sap-s-4hana-business-one-h-f,Cadre dirigeant ( 6 à 10 ans ),,2026-06-19,2026-07-06,active,
★★★★★,5,Country People Talent Manager,,Ressources Humaines,ONG & Projets,Senior,Côte d'Ivoire,,,,,RMO Jobcenter,https://www.rmo-jobcenter.com/fr/cote-d-ivoire/offres-emploi/administration-ong-services/4041-country-people-talent-manager.html,,Administration/ONG/Services publiques,2026-06-19,2026-07-06,active,
★★★★★,5,Directeur Ressources Humaines,,Ressources Humaines,Ressources Humaines,Manager/Direction,Côte d'Ivoire,,,,,RMO Jobcenter,https://www.rmo-jobcenter.com/fr/cote-d-ivoire/offres-emploi/industrie-production-mat-1eres/4037-directeur-ressources-humaines.html,,Industrie/production/Mat 1eres,2026-06-19,2026-07-06,active,
★★★★★,5,Learning and development manager,Odixcity Consulting,Ressources Humaines,Ressources Humaines,Senior,Côte d'Ivoire,Full-time,2026-06-16,,"$6,000.00/yr - $8,400.00/yr",LinkedIn,https://ci.linkedin.com/jobs/view/learning-and-development-manager-at-odixcity-consulting-4429545628?position=60&pageNum=0&refId=4Jpc0wwY7rwx6x0qEeMHqA%3D%3D&trackingId=jh7VRY0ZAhv8bD1bU6XCcg%3D%3D,Not Applicable,Human Resources Services,2026-06-19,2026-07-06,active,
★★★★★,5,Managing Director,Hudson Talent Solutions,Direction & Management,Ressources Humaines,Manager/Direction,"Abidjan, Côte d'Ivoire",Full-time,2026-06-12,,,LinkedIn,https://ci.linkedin.com/jobs/view/managing-director-at-hudson-talent-solutions-4425326090?position=7&pageNum=7&refId=wSe8P2Xh6xznQH53pgYmww%3D%3D&trackingId=2iUe%2Bw1%2FWKteh9ntzE9v3Q%3D%3D,Director,Staffing and Recruiting,2026-06-22,2026-07-06,active,
★★★★★,5,Responsable Ressources Humaines - Industrie,YESHI GROUP,Ressources Humaines,Ressources Humaines,Senior,Côte d'ivoire,,26 Juin,,,Novojob,https://www.novojob.com/cote-d-ivoire/offres-d-emploi/offre-d-emploi/cote-d-ivoire/136752-responsable-ressources-humaines-industrie,Manager / Responsable département ( 6 à 10 ans ),,2026-06-29,2026-07-06,active,
★★★★★,5,Convenience Retail Category Manager,Vivo Energy,Marketing & Growth,Tech & Digital,Senior,"Abidjan, Côte d'Ivoire",Full-time,2026-07-03,,,LinkedIn,https://ci.linkedin.com/jobs/view/convenience-retail-category-manager-at-vivo-energy-4417939011?position=4&pageNum=2&refId=OxNX9GhFSadN1x3I%2FEbrMw%3D%3D&trackingId=83LX8yjbzaWM7MGM9twVOw%3D%3D,Mid-Senior level,IT Services and IT Consulting,2026-06-19,2026-07-06,active,
★★★★★,5,Directeur Pays Adjointe - Cote d'Ivoire,CorpsAfrica,Direction & Management,Tech & Digital,Manager/Direction,"Abidjan, Côte d'Ivoire",Full-time,2026-06-09,,,LinkedIn,https://ci.linkedin.com/jobs/view/directeur-pays-adjointe-cote-d-ivoire-at-corpsafrica-4424845667?position=6&pageNum=0&refId=4Jpc0wwY7rwx6x0qEeMHqA%3D%3D&trackingId=D%2F83sB1uXnczxNKZKNdsLw%3D%3D,Not Applicable,"Wireless Services, Telecommunications, and Communications Equipment Manufacturing",2026-06-19,2026-07-06,active,
★★★★★,5,"Operations Manager, Côte d’Ivoire",WorldFish,Opérations & Supervision,Tech & Digital,Senior,"Abidjan, Côte d'Ivoire",Contract,2026-06-29,,,LinkedIn,https://ci.linkedin.com/jobs/view/operations-manager-c%C3%B4te-d%E2%80%99ivoire-at-worldfish-4434432412?position=2&pageNum=0&refId=4Jpc0wwY7rwx6x0qEeMHqA%3D%3D&trackingId=rM7EETFTnf36wKG3MIAlBA%3D%3D,Mid-Senior level,IT Services and IT Consulting,2026-06-29,2026-07-06,active,
★★★★☆,4,Directeur Administratif,,Direction & Management,Administration,Manager/Direction,Côte d'Ivoire,,,,,RMO Jobcenter,https://www.rmo-jobcenter.com/fr/cote-d-ivoire/offres-emploi/commerce-vente-distribution/4055-directeur-administratif.html,,Commerce/vente/Distribution,2026-06-29,2026-07-06,active,
★★★★☆,4,Office Manager Bilingue,,Administration & Assistanat,Administration,Senior,Côte d'Ivoire,,,,,RMO Jobcenter,https://www.rmo-jobcenter.com/fr/cote-d-ivoire/offres-emploi/services/4030-office-manager-bilingue.html,,Services,2026-06-19,2026-07-06,active,
★★★★☆,4,Chief Steward,Thompson Hotels,Direction & Management,Autres / Généraliste,Manager/Direction,"Gro, Vallée du Bandama, Côte d'Ivoire",Full-time,2026-06-25,,,LinkedIn,https://ci.linkedin.com/jobs/view/chief-steward-at-thompson-hotels-4433397831?position=5&pageNum=2&refId=OxNX9GhFSadN1x3I%2FEbrMw%3D%3D&trackingId=kOA5Ko7QFc5m7iC5FcCGpA%3D%3D,Not Applicable,Hospitality,2026-06-29,2026-07-06,active,
★★★★☆,4,Coordinateur d'arrêt H/F,Ortec Group,Autres métiers,Autres / Généraliste,Senior,"Abidjan, Abidjan, Côte d'Ivoire",Full-time,2026-06-28,,,LinkedIn,https://ci.linkedin.com/jobs/view/coordinateur-d-arr%C3%AAt-h-f-at-ortec-group-4385561289?position=10&pageNum=7&refId=wSe8P2Xh6xznQH53pgYmww%3D%3D&trackingId=GEgoPmgS6kcjr8gwOx2J%2BA%3D%3D,Not Applicable,Environmental Services,2026-06-22,2026-07-06,active,
★★★★☆,4,"Country Representative, Côte d’Ivoire",WorldFish,Autres métiers,Autres / Généraliste,Senior,"Abidjan, Abidjan, Côte d'Ivoire",Contract,2026-06-29,,,LinkedIn,https://ci.linkedin.com/jobs/view/country-representative-c%C3%B4te-d%E2%80%99ivoire-at-worldfish-4434429335?position=13&pageNum=0&refId=4Jpc0wwY7rwx6x0qEeMHqA%3D%3D&trackingId=CBPZC6AqFgScd%2FqyBh4oJg%3D%3D,Mid-Senior level,Research Services,2026-06-29,2026-07-06,active,
★★★★☆,4,DIRECTEUR D'AGENCE,BOA CI,Direction & Management,Autres / Généraliste,Manager/Direction,"Abidjan, Côte d'ivoire",,12 Juin,,,Novojob,https://www.novojob.com/cote-d-ivoire/offres-d-emploi/offre-d-emploi/cote-d-ivoire/abidjan/136726-directeur-d-agence,Confirmé / Expérimenté ( 3 à 5 ans ),,2026-06-19,2026-07-06,active,
★★★★☆,4,Economic Development Coordinator,Endeavour Mining,Autres métiers,Autres / Généraliste,Senior,"Tanda, Zanzan, Côte d'Ivoire",Full-time,2026-06-24,,,LinkedIn,https://ci.linkedin.com/jobs/view/economic-development-coordinator-at-endeavour-mining-4429866415?position=6&pageNum=2&refId=OxNX9GhFSadN1x3I%2FEbrMw%3D%3D&trackingId=i1c0UgMburjK4fHWaeEV8Q%3D%3D,Mid-Senior level,"Mining and Oil, Gas, and Mining",2026-06-29,2026-07-06,active,
★★★★☆,4,Environmental Superintendent,Endeavour Mining,Autres métiers,Autres / Généraliste,Senior,"Dabakala, Vallée du Bandama, Côte d'Ivoire",Full-time,2026-06-25,,,LinkedIn,https://ci.linkedin.com/jobs/view/environmental-superintendent-at-endeavour-mining-4430224584?position=10&pageNum=5&refId=vSMCJyZ4Dm0kWGu1mUDcYQ%3D%3D&trackingId=0Fu5MRX1y8%2BHO30H3nKF3A%3D%3D,Mid-Senior level,Mining,2026-07-06,2026-07-06,active,
★★★★☆,4,HNW Client Manager (Golden Visa),PassBeyond,Autres métiers,Autres / Généraliste,Senior,Côte d'Ivoire,Contract,2026-06-24,,,LinkedIn,https://ci.linkedin.com/jobs/view/hnw-client-manager-golden-visa-at-passbeyond-4432856594?position=57&pageNum=0&refId=4Jpc0wwY7rwx6x0qEeMHqA%3D%3D&trackingId=vdrH4XFiSZhtVQGfuBBdSw%3D%3D,Not Applicable,Professional Services,2026-07-06,2026-07-06,active,
★★★★☆,4,HR Coordinator,Eni,Ressources Humaines,Autres / Généraliste,Senior,"Abidjan, Côte d'Ivoire",Full-time,2026-07-02,,,LinkedIn,https://ci.linkedin.com/jobs/view/hr-coordinator-at-eni-4425488875?position=29&pageNum=0&refId=4Jpc0wwY7rwx6x0qEeMHqA%3D%3D&trackingId=qWJ2fY5gnDV%2BnY6BXj5sFg%3D%3D,Mid-Senior level,"Oil and Gas and Oil, Gas, and Mining",2026-06-19,2026-07-06,active,
★★★★☆,4,"Operations Associate (G-6), FT, #071090, Man - Cote d'Ivoire, WCAR",UNICEF,Opérations & Supervision,Autres / Généraliste,Senior,"Yamoussoukro, Yamoussoukro, Côte d'Ivoire",Full-time,2026-07-03,,,LinkedIn,https://ci.linkedin.com/jobs/view/operations-associate-g-6-ft-%23071090-man-cote-d-ivoire-wcar-at-unicef-4436715285?position=1&pageNum=5&refId=vSMCJyZ4Dm0kWGu1mUDcYQ%3D%3D&trackingId=bhdQEGni1jbGH3u5gv6rfA%3D%3D,Mid-Senior level,Business Consulting and Services and Non-profit Organizations,2026-07-06,2026-07-06,active,
★★★★☆,4,"Opticien(ne) - Dimbokro, Cote d'Ivoire",Lapaire,Santé & Médical,Autres / Généraliste,Senior,"Dimbokro, Lacs, Côte d'Ivoire",Full-time,2026-06-22,,,LinkedIn,https://ci.linkedin.com/jobs/view/opticien-ne-dimbokro-cote-d-ivoire-at-lapaire-4432002346?position=9&pageNum=5&refId=vSMCJyZ4Dm0kWGu1mUDcYQ%3D%3D&trackingId=AOZrwx3BC9lfKAii7E%2FlXw%3D%3D,Mid-Senior level,Internet Publishing,2026-06-29,2026-07-06,active,
★★★★☆,4,Responsable bureau des méthodes - Cimenterie,YESHI GROUP,Autres métiers,Autres / Généraliste,Senior,Côte d'ivoire,,25 Juin,,,Novojob,https://www.novojob.com/cote-d-ivoire/offres-d-emploi/offre-d-emploi/cote-d-ivoire/136748-responsable-bureau-des-methodes-cimenterie,Manager / Responsable département ( Plus de 10 ans ),,2026-06-29,2026-07-06,active,
★★★★☆,4,"Responsable d'Agence - Boundiali, Cote d'Ivoire",Lapaire,Commercial & Vente,Autres / Généraliste,Senior,"Boundiali, Savanes, Côte d'Ivoire",Full-time,2026-06-22,,,LinkedIn,https://ci.linkedin.com/jobs/view/responsable-d-agence-boundiali-cote-d-ivoire-at-lapaire-4432011102?position=30&pageNum=0&refId=4Jpc0wwY7rwx6x0qEeMHqA%3D%3D&trackingId=2XOo%2B5Z6JoXpp3knjYforQ%3D%3D,Mid-Senior level,Internet Publishing,2026-06-29,2026-07-06,active,
★★★★☆,4,"Responsable d'Agence - Daloa 2, Côte d'Ivoire",Lapaire,Commercial & Vente,Autres / Généraliste,Senior,"Daloa, Sassandra-Marahoué, Côte d'Ivoire",Full-time,2026-06-22,,,LinkedIn,https://ci.linkedin.com/jobs/view/responsable-d-agence-daloa-2-c%C3%B4te-d-ivoire-at-lapaire-4432002268?position=3&pageNum=0&refId=4Jpc0wwY7rwx6x0qEeMHqA%3D%3D&trackingId=qh7fjU9Bs9iCT99rM7YLCw%3D%3D,Mid-Senior level,Internet Publishing,2026-06-29,2026-07-06,active,
★★★★☆,4,"Responsable d'agence - Aboisso, Cote d'Ivoire",Lapaire,Commercial & Vente,Autres / Généraliste,Senior,"Aboisso, Comoé, Côte d'Ivoire",Full-time,2026-06-22,,,LinkedIn,https://ci.linkedin.com/jobs/view/responsable-d-agence-aboisso-cote-d-ivoire-at-lapaire-4431792757?position=20&pageNum=0&refId=4Jpc0wwY7rwx6x0qEeMHqA%3D%3D&trackingId=G4ZmijrVUFo2O6HM93ffNQ%3D%3D,Mid-Senior level,Internet Publishing,2026-06-29,2026-07-06,active,
★★★★☆,4,"Responsable d'agence - Ferkessédougou, Cote d'Ivoire",Lapaire,Commercial & Vente,Autres / Généraliste,Senior,Côte d'Ivoire,Full-time,2026-06-22,,,LinkedIn,https://ci.linkedin.com/jobs/view/responsable-d-agence-ferkess%C3%A9dougou-cote-d-ivoire-at-lapaire-4432003769?position=24&pageNum=0&refId=4Jpc0wwY7rwx6x0qEeMHqA%3D%3D&trackingId=97YYjFcvBkurUHzwpNJO0w%3D%3D,Mid-Senior level,Internet Publishing,2026-06-29,2026-07-06,active,
★★★★☆,4,"Responsable d'agence - Séguéla, Cote d'Ivoire",Lapaire,Commercial & Vente,Autres / Généraliste,Senior,"Séguéla, Woroba, Côte d'Ivoire",Full-time,2026-06-22,,,LinkedIn,https://ci.linkedin.com/jobs/view/responsable-d-agence-s%C3%A9gu%C3%A9la-cote-d-ivoire-at-lapaire-4431793721?position=17&pageNum=0&refId=4Jpc0wwY7rwx6x0qEeMHqA%3D%3D&trackingId=AMOkVgK7sxpUH3NPSZXlJw%3D%3D,Mid-Senior level,Internet Publishing,2026-06-29,2026-07-06,active,
★★★★☆,4,Responsable de magasin / Responsable opérationnel (H/F),ACF COMPUTER STORE,Commercial & Vente,Autres / Généraliste,Senior,Côte d'ivoire,,15 Juin,,,Novojob,https://www.novojob.com/cote-d-ivoire/offres-d-emploi/offre-d-emploi/cote-d-ivoire/136732-responsable-de-magasin-responsable-operationnel-h-f,Confirmé / Expérimenté ( 3 à 5 ans ),,2026-06-19,2026-07-06,active,
★★★★☆,4,Technical Services Manager - Animal Nutrition - Ivory Coast,ADM,Autres métiers,Autres / Généraliste,Senior,"Abidjan, Côte d'Ivoire",Full-time,2026-07-01,,,LinkedIn,https://ci.linkedin.com/jobs/view/technical-services-manager-animal-nutrition-ivory-coast-at-adm-4432388527?position=5&pageNum=7&refId=wSe8P2Xh6xznQH53pgYmww%3D%3D&trackingId=1uGGP6hubLoS4mune5xQrw%3D%3D,Mid-Senior level,Food and Beverage Manufacturing,2026-07-06,2026-07-06,active,
★★★★☆,4,Responsable projets construction,GPC SA,BTP & Construction,BTP & Construction,Manager/Direction,"Abidjan, Côte d'Ivoire",Full-time,2026-06-19,,,LinkedIn,https://ci.linkedin.com/jobs/view/responsable-projets-construction-at-gpc-sa-4428241187?position=44&pageNum=0&refId=4Jpc0wwY7rwx6x0qEeMHqA%3D%3D&trackingId=MEe4pZwdGDToVNb5J%2BZAxA%3D%3D,Director,Construction,2026-06-19,2026-07-06,active,
★★★★☆,4,01 CHARGE DE CLIENTELE SENIOR PME H/F,BOA CI,Commercial & Vente,Commerce & Vente,Senior,"Abidjan, Côte d'ivoire",,12 Juin,,,Novojob,https://www.novojob.com/cote-d-ivoire/offres-d-emploi/offre-d-emploi/cote-d-ivoire/abidjan/136720-01-charge-de-clientele-senior-pme-h-f,Confirmé / Expérimenté ( 3 à 5 ans ),,2026-06-19,2026-07-06,active,
★★★★☆,4,01 CHARGE DE CLIENTELE SENIOR PME H/F,BOA CI,Commercial & Vente,Commerce & Vente,Senior,"Abidjan, Côte d'ivoire",,29 Mai,,,Novojob,https://www.novojob.com/cote-d-ivoire/offres-d-emploi/offre-d-emploi/cote-d-ivoire/abidjan/136707-01-charge-de-clientele-senior-pme-h-f,Confirmé / Expérimenté ( 3 à 5 ans ),,2026-06-19,2026-07-06,active,
★★★★☆,4,Business Development Manager (Côte d’Ivoire),Yango,Commercial & Vente,Commerce & Vente,Senior,"Abidjan, Abidjan, Côte d'Ivoire",Full-time,2026-06-09,,,LinkedIn,https://ci.linkedin.com/jobs/view/business-development-manager-c%C3%B4te-d%E2%80%99ivoire-at-yango-4425820001?position=19&pageNum=0&refId=4Jpc0wwY7rwx6x0qEeMHqA%3D%3D&trackingId=gjBxA5bjEyZBEGQA%2BC1zRQ%3D%3D,Mid-Senior level,Advertising Services,2026-06-19,2026-07-06,active,
★★★★☆,4,Business Development Manager - Côte d'Ivoire,Wave Mobile Money,Commercial & Vente,Commerce & Vente,Senior,"Abidjan, Côte d'Ivoire",Full-time,2026-06-26,,,LinkedIn,https://ci.linkedin.com/jobs/view/business-development-manager-c%C3%B4te-d-ivoire-at-wave-mobile-money-4405262718?position=27&pageNum=0&refId=4Jpc0wwY7rwx6x0qEeMHqA%3D%3D&trackingId=BN6inP6aJtHM8CErAa6vTA%3D%3D,Not Applicable,Financial Services,2026-06-19,2026-07-06,active,
★★★★☆,4,Head of Business Development,Yango,Commercial & Vente,Commerce & Vente,Manager/Direction,"Abidjan, Côte d'Ivoire",Full-time,2026-06-17,,,LinkedIn,https://ci.linkedin.com/jobs/view/head-of-business-development-at-yango-4428709098?position=6&pageNum=5&refId=vSMCJyZ4Dm0kWGu1mUDcYQ%3D%3D&trackingId=F1OWuWqjXwmIYMJco42uXg%3D%3D,Mid-Senior level,IT Services and IT Consulting,2026-06-22,2026-07-06,active,
★★★★☆,4,Sales Executive,Romeu,Commercial & Vente,Commerce & Vente,Manager/Direction,"Abidjan, Côte d'Ivoire",Full-time,2026-06-11,,,LinkedIn,https://ci.linkedin.com/jobs/view/sales-executive-at-romeu-4423621416?position=48&pageNum=0&refId=4Jpc0wwY7rwx6x0qEeMHqA%3D%3D&trackingId=9fRWXPvFwNDuOhVO1PIgjg%3D%3D,Mid-Senior level,"Transportation, Logistics, Supply Chain and Storage and Maritime Transportation",2026-06-29,2026-07-06,active,
★★★★☆,4,UN (1) RESPONSABLE POINT DE VENTE - H/F,AGILOYA AFRIQUE,Commercial & Vente,Commerce & Vente,Senior,"Abidjan, Côte d'Ivoire",Full-time,2026-07-02,,,LinkedIn,https://ci.linkedin.com/jobs/view/un-1-responsable-point-de-vente-h-f-at-agiloya-afrique-4435021520?position=47&pageNum=0&refId=4Jpc0wwY7rwx6x0qEeMHqA%3D%3D&trackingId=yInHD7sP8Zaigw%2F4R4Hs3w%3D%3D,Not Applicable,Human Resources Services,2026-07-06,2026-07-06,active,
★★★★☆,4,01 ANALYSTE CREDIT H/F,BOA CI,Finance & Contrôle de gestion,Finance & Banque,Confirmé,"Abidjan, Côte d'ivoire",,12 Juin,,,Novojob,https://www.novojob.com/cote-d-ivoire/offres-d-emploi/offre-d-emploi/cote-d-ivoire/abidjan/136719-01-analyste-credit-h-f,Confirmé / Expérimenté ( 3 à 5 ans ),,2026-06-19,2026-07-06,active,
★★★★☆,4,ASSISTANTE ADMINISTRATIVE ET COMPTABLE,,Comptabilité,Finance & Banque,Confirmé,Côte d'Ivoire,,19/06/2026,29/07/2026,,Educarriere,https://emploi.educarriere.ci/offre-151396-assistante-administrative-et-comptable.html,,,2026-06-19,2026-06-22,active,
★★★★☆,4,Collaborateur Comptable -  H/F_ COTE D'IVOIRE,L3M HOLDING,Comptabilité,Finance & Banque,Confirmé,"Yamoussoukro, Yamoussoukro, Côte d'Ivoire",Full-time,2026-06-26,,,LinkedIn,https://ci.linkedin.com/jobs/view/collaborateur-comptable-h-f-cote-d-ivoire-at-l3m-holding-4433276682?position=43&pageNum=0&refId=4Jpc0wwY7rwx6x0qEeMHqA%3D%3D&trackingId=C0kfVgj291JJuh2foBBfOg%3D%3D,Not Applicable,Business Consulting and Services,2026-06-29,2026-07-06,active,
★★★★☆,4,Comptable Clien,,Comptabilité,Finance & Banque,Confirmé,Côte d'Ivoire,,,,,RMO Jobcenter,https://www.rmo-jobcenter.com/fr/cote-d-ivoire/offres-emploi/industrie-production-mat-1eres/4038-comptable-client.html,,Industrie/production/Mat 1eres,2026-06-19,2026-07-06,active,
★★★★☆,4,Controleur Gestion,,Finance & Contrôle de gestion,Finance & Banque,Confirmé,Côte d'Ivoire,,,,,RMO Jobcenter,https://www.rmo-jobcenter.com/fr/cote-d-ivoire/offres-emploi/ntic/4016-controleur-gestion.html,,NTIC,2026-06-19,2026-07-06,active,
★★★★☆,4,Mécanicien de Poste - Cimenterie,YESHI GROUP,Ingénierie & Technique,Ingénierie & Industrie,Confirmé,Côte d'ivoire,,25 Juin,,,Novojob,https://www.novojob.com/cote-d-ivoire/offres-d-emploi/offre-d-emploi/cote-d-ivoire/136745-mecanicien-de-poste-cimenterie,Confirmé / Expérimenté ( Plus de 10 ans ),,2026-06-29,2026-07-06,active,
★★★★☆,4,OPERATEUR MACHINE H/F,SOLIBRA (Société de Limonaderies et de Brasseries d'Afrique),Production & Industrie,Ingénierie & Industrie,Confirmé,"Abidjan, Côte d'ivoire",,01 Juin,,,Novojob,https://www.novojob.com/cote-d-ivoire/offres-d-emploi/offre-d-emploi/cote-d-ivoire/abidjan/136713-operateur-machine-h-f,Confirmé / Expérimenté ( 3 à 5 ans ),,2026-06-19,2026-07-06,active,
★★★★☆,4,Preventive Maintenance Team Leader,The HEINEKEN Company,Maintenance,Ingénierie & Industrie,Confirmé,"Anyama, Abidjan, Côte d'Ivoire",Full-time,2026-06-24,,,LinkedIn,https://ci.linkedin.com/jobs/view/preventive-maintenance-team-leader-at-the-heineken-company-4431846754?position=5&pageNum=0&refId=4Jpc0wwY7rwx6x0qEeMHqA%3D%3D&trackingId=GEWlAYDjDzFllCsmClssug%3D%3D,Not Applicable,Food and Beverage Services,2026-06-29,2026-07-06,active,
★★★★☆,4,Préparateur Méthodes / Technicien Méthodes Maintenance - Cimenterie,YESHI GROUP,Ingénierie & Technique,Ingénierie & Industrie,Confirmé,Côte d'ivoire,,25 Juin,,,Novojob,https://www.novojob.com/cote-d-ivoire/offres-d-emploi/offre-d-emploi/cote-d-ivoire/136746-preparateur-methodes-technicien-methodes-maintenance-cimenterie,Confirmé / Expérimenté ( 6 à 10 ans ),,2026-06-29,2026-07-06,active,
★★★★☆,4,TECHNICIEN DE FABRICATION (H/F),SOLIBRA (Société de Limonaderies et de Brasseries d'Afrique),Ingénierie & Technique,Ingénierie & Industrie,Confirmé,"Abidjan, Côte d'ivoire",,26 Juin,,,Novojob,https://www.novojob.com/cote-d-ivoire/offres-d-emploi/offre-d-emploi/cote-d-ivoire/abidjan/136754-technicien-de-fabrication-h-f,Confirmé / Expérimenté ( 3 à 5 ans ),,2026-06-29,2026-07-06,active,
★★★★☆,4,TECHNICIEN DE FABRICATION (H/F),Solibra CI,Ingénierie & Technique,Ingénierie & Industrie,Confirmé,"Abidjan, Abidjan, Côte d'Ivoire",Full-time,2026-06-26,,,LinkedIn,https://ci.linkedin.com/jobs/view/technicien-de-fabrication-h-f-at-solibra-ci-4433280963?position=22&pageNum=0&refId=4Jpc0wwY7rwx6x0qEeMHqA%3D%3D&trackingId=CLP%2BHt%2FjKKk9d%2FJYosoPjg%3D%3D,Not Applicable,Beverage Manufacturing,2026-06-29,2026-07-06,active,
★★★★☆,4,"Technicien Montage, Essais & SAV",耐克森中国,Ingénierie & Technique,Ingénierie & Industrie,Confirmé,"Yopougon, Abidjan, Côte d'Ivoire",Full-time,2026-07-05,,,LinkedIn,https://ci.linkedin.com/jobs/view/technicien-montage-essais-sav-at-%E8%80%90%E5%85%8B%E6%A3%AE%E4%B8%AD%E5%9B%BD-4437128337?position=55&pageNum=0&refId=4Jpc0wwY7rwx6x0qEeMHqA%3D%3D&trackingId=sqq3grMS2WFB07CtZQNZQQ%3D%3D,Not Applicable,"Appliances, Electrical, and Electronics Manufacturing",2026-07-06,2026-07-06,active,
★★★★☆,4,GOVERNANCE & COMPLIANCE LEAD,The HEINEKEN Company,Juridique & Conformité,Juridique,Confirmé,"Anyama, Abidjan, Côte d'Ivoire",Full-time,2026-06-24,,,LinkedIn,https://ci.linkedin.com/jobs/view/governance-compliance-lead-at-the-heineken-company-4431842757?position=3&pageNum=7&refId=wSe8P2Xh6xznQH53pgYmww%3D%3D&trackingId=mR44gac0FicPfcKhnbK2OA%3D%3D,Not Applicable,Food and Beverage Services,2026-06-29,2026-07-06,active,
★★★★☆,4,Chef de Quai H/F,SOLIBRA (Société de Limonaderies et de Brasseries d'Afrique),Logistique & Supply Chain,Logistique & Achats,Senior,"Abidjan, Côte d'ivoire",,22 Mai,,,Novojob,https://www.novojob.com/cote-d-ivoire/offres-d-emploi/offre-d-emploi/cote-d-ivoire/abidjan/136697-chef-de-quai-h-f,Confirmé / Expérimenté ( 3 à 5 ans ),,2026-06-19,2026-07-06,active,
★★★★☆,4,Chief of Staff,CMA CGM,Direction & Management,Logistique & Achats,Manager/Direction,"Abidjan, Côte d'Ivoire",Full-time,2026-06-09,,,LinkedIn,https://ci.linkedin.com/jobs/view/chief-of-staff-at-cma-cgm-4426352276?position=4&pageNum=5&refId=vSMCJyZ4Dm0kWGu1mUDcYQ%3D%3D&trackingId=064A7ZdST2EelxyycVH7FQ%3D%3D,Associate,"Transportation, Logistics, Supply Chain and Storage",2026-06-22,2026-07-06,active,
★★★★☆,4,Regional Export Manager,Employ Global,Logistique & Supply Chain,Logistique & Achats,Senior,"Abidjan, Côte d'Ivoire",Full-time,2026-06-24,,,LinkedIn,https://ci.linkedin.com/jobs/view/regional-export-manager-at-employ-global-4431866949?position=50&pageNum=0&refId=4Jpc0wwY7rwx6x0qEeMHqA%3D%3D&trackingId=9G%2F%2BN5wwyQINnsXenEnvgA%3D%3D,Mid-Senior level,"Wholesale Alcoholic Beverages, Wholesale Food and Beverage, and Food and Beverage Retail",2026-06-29,2026-07-06,active,
★★★★☆,4,Responsable Chaine Logistique,,Logistique & Supply Chain,Logistique & Achats,Senior,Côte d'Ivoire,,,,,RMO Jobcenter,https://www.rmo-jobcenter.com/fr/cote-d-ivoire/offres-emploi/industrie-production-mat-1eres/4029-responsable-chaine-logistique.html,,Industrie/production/Mat 1eres,2026-06-19,2026-07-06,active,
★★★★☆,4,Responsable Sécurité Opérationnelle F/H,Keolis Group,Opérations & Supervision,Logistique & Achats,Senior,"Abidjan, Côte d'Ivoire",Full-time,2026-06-11,,,LinkedIn,https://ci.linkedin.com/jobs/view/responsable-s%C3%A9curit%C3%A9-op%C3%A9rationnelle-f-h-at-keolis-group-4426627202?position=9&pageNum=7&refId=wSe8P2Xh6xznQH53pgYmww%3D%3D&trackingId=bwKnCiDM68MHSZ0vrq1q3A%3D%3D,Not Applicable,Truck Transportation,2026-06-19,2026-07-06,active,
★★★★☆,4,Senior Project Planner Manager,Alstom,Autres métiers,Logistique & Achats,Senior,"Abidjan, Côte d'Ivoire",Full-time,2026-06-10,,,LinkedIn,https://ci.linkedin.com/jobs/view/senior-project-planner-manager-at-alstom-4418794640?position=2&pageNum=7&refId=wSe8P2Xh6xznQH53pgYmww%3D%3D&trackingId=g89PnYsjkBI1GSlitg2brQ%3D%3D,Not Applicable,Truck Transportation and Railroad Equipment Manufacturing,2026-06-22,2026-07-06,active,
★★★★☆,4,Multimedia Content and Video Editor,Odixcity Consulting,Communication & Contenu,Marketing & Communication,Confirmé,Côte d'Ivoire,Full-time,2026-06-12,,"$6,000.00/yr - $8,400.00/yr",LinkedIn,https://ci.linkedin.com/jobs/view/multimedia-content-and-video-editor-at-odixcity-consulting-4427915037?position=51&pageNum=0&refId=4Jpc0wwY7rwx6x0qEeMHqA%3D%3D&trackingId=tX6q9vrWrlMdDt5Vq0Nm%2FQ%3D%3D,Not Applicable,Human Resources Services,2026-06-19,2026-07-06,active,
★★★★☆,4,Chargé(e) des Ressources Humaines (CRH) – Entité BTP (H/F),YESHI GROUP,Ressources Humaines,Ressources Humaines,Confirmé,Côte d'ivoire,,30 Avril,,,Novojob,https://www.novojob.com/cote-d-ivoire/offres-d-emploi/offre-d-emploi/cote-d-ivoire/136683-charge-e-des-ressources-humaines-crh-entite-btp-h-f,Confirmé / Expérimenté ( 3 à 5 ans ),,2026-06-19,2026-07-06,active,
★★★★☆,4,Creative writer,Odixcity Consulting,Communication & Contenu,Ressources Humaines,Confirmé,Côte d'Ivoire,Full-time,2026-06-16,,"$6,000.00/yr - $8,400.00/yr",LinkedIn,https://ci.linkedin.com/jobs/view/creative-writer-at-odixcity-consulting-4429211422?position=31&pageNum=0&refId=4Jpc0wwY7rwx6x0qEeMHqA%3D%3D&trackingId=uAGsIuFTUZzRfX6t13VM3A%3D%3D,Not Applicable,Human Resources Services,2026-06-19,2026-07-06,active,
★★★★☆,4,Excel Specialist,Odixcity Consulting,Administration & Assistanat,Ressources Humaines,Confirmé,Côte d'Ivoire,Full-time,2026-06-15,,"$6,000.00/yr - $8,400.00/yr",LinkedIn,https://ci.linkedin.com/jobs/view/excel-specialist-at-odixcity-consulting-4429138584?position=52&pageNum=0&refId=4Jpc0wwY7rwx6x0qEeMHqA%3D%3D&trackingId=hOhA80CUmYLDZ5oqxa9v5w%3D%3D,Not Applicable,Human Resources Services,2026-06-19,2026-07-06,active,
★★★★☆,4,Illustrator,Odixcity Consulting,Communication & Contenu,Ressources Humaines,Confirmé,Côte d'Ivoire,Full-time,2026-06-12,,"$6,000.00/yr - $8,400.00/yr",LinkedIn,https://ci.linkedin.com/jobs/view/illustrator-at-odixcity-consulting-4427909117?position=10&pageNum=0&refId=4Jpc0wwY7rwx6x0qEeMHqA%3D%3D&trackingId=kRb36U5Ivd9SFsWUWl5RNA%3D%3D,Not Applicable,Human Resources Services,2026-06-19,2026-07-06,active,
★★★★☆,4,Script writer,Odixcity Consulting,Communication & Contenu,Ressources Humaines,Confirmé,Côte d'Ivoire,Full-time,2026-06-16,,"$6,000.00/yr - $8,400.00/yr",LinkedIn,https://ci.linkedin.com/jobs/view/script-writer-at-odixcity-consulting-4429218298?position=11&pageNum=0&refId=4Jpc0wwY7rwx6x0qEeMHqA%3D%3D&trackingId=eFuZaT0rvDXofXDx04JH1g%3D%3D,Not Applicable,Human Resources Services,2026-06-19,2026-07-06,active,
★★★★☆,4,Story teller,Odixcity Consulting,Communication & Contenu,Ressources Humaines,Confirmé,Côte d'Ivoire,Full-time,2026-06-12,,"$6,000.00/yr - $8,400.00/yr",LinkedIn,https://ci.linkedin.com/jobs/view/story-teller-at-odixcity-consulting-4427906138?position=36&pageNum=0&refId=4Jpc0wwY7rwx6x0qEeMHqA%3D%3D&trackingId=lumGsPEBqZFHXqVHQx2XPw%3D%3D,Not Applicable,Human Resources Services,2026-06-19,2026-07-06,active,
★★★★☆,4,AI Governance Analyst - Talent Pool,Mass Markets,Data & IA,Tech & Digital,Confirmé,"Za, Sassandra-Marahoué, Côte d'Ivoire",Full-time,2026-06-12,,,LinkedIn,https://ci.linkedin.com/jobs/view/ai-governance-analyst-talent-pool-at-mass-markets-4424898694?position=1&pageNum=2&refId=OxNX9GhFSadN1x3I%2FEbrMw%3D%3D&trackingId=czEZ0%2FIGxC2t599VlX6EcQ%3D%3D,Not Applicable,IT Services and IT Consulting,2026-06-22,2026-07-06,active,
★★★★☆,4,AI Operations Analyst - Talent Pool,Mass Markets,Data & IA,Tech & Digital,Confirmé,"Za, Sassandra-Marahoué, Côte d'Ivoire",Full-time,2026-06-12,,,LinkedIn,https://ci.linkedin.com/jobs/view/ai-operations-analyst-talent-pool-at-mass-markets-4425309409?position=3&pageNum=5&refId=vSMCJyZ4Dm0kWGu1mUDcYQ%3D%3D&trackingId=l1qtQW0wMLl1vnOjLZGLGA%3D%3D,Not Applicable,IT Services and IT Consulting,2026-07-06,2026-07-06,active,
★★★★☆,4,AI Security Analyst - Talent Pool,Mass Markets,Data & IA,Tech & Digital,Confirmé,"Za, Sassandra-Marahoué, Côte d'Ivoire",Full-time,2026-06-12,,,LinkedIn,https://ci.linkedin.com/jobs/view/ai-security-analyst-talent-pool-at-mass-markets-4424891783?position=9&pageNum=2&refId=OxNX9GhFSadN1x3I%2FEbrMw%3D%3D&trackingId=2LQZQQKEDzzhaFKAmpXSSw%3D%3D,Not Applicable,IT Services and IT Consulting,2026-06-19,2026-07-06,active,
★★★★☆,4,Administrateur Systemes Unix,,"DevOps, Infra & Réseau",Tech & Digital,Confirmé,Côte d'Ivoire,,,,,RMO Jobcenter,https://www.rmo-jobcenter.com/fr/cote-d-ivoire/offres-emploi/ntic/4040-administrateur-systemes-unix.html,,NTIC,2026-06-19,2026-07-06,active,
★★★★☆,4,Brand designer,Odixcity Consulting,Product & Design,Tech & Digital,Confirmé,Côte d'Ivoire,Full-time,2026-06-16,,"$8,400.00/yr - $9,600.00/yr",LinkedIn,https://ci.linkedin.com/jobs/view/brand-designer-at-odixcity-consulting-4429549187?position=42&pageNum=0&refId=4Jpc0wwY7rwx6x0qEeMHqA%3D%3D&trackingId=EMEME8hBIOmqo2Euu4i3jA%3D%3D,Not Applicable,Human Resources Services,2026-06-19,2026-07-06,active,
★★★★☆,4,Chargé du Contrôle des Comptes & Consolidation,Orange Côte d'Ivoire,Autres métiers,Tech & Digital,Confirmé,"Abidjan, Côte d'Ivoire",Full-time,2026-07-02,,,LinkedIn,https://ci.linkedin.com/jobs/view/charg%C3%A9-du-contr%C3%B4le-des-comptes-consolidation-at-orange-c%C3%B4te-d-ivoire-4436315615?position=8&pageNum=7&refId=wSe8P2Xh6xznQH53pgYmww%3D%3D&trackingId=WYs9Cijp99qChgUFWsZkig%3D%3D,Associate,"Telecommunications, Financial Services, and IT Services and IT Consulting",2026-07-06,2026-07-06,active,
★★★★☆,4,Chef Produit Digita,,Autres métiers,Tech & Digital,Confirmé,Côte d'Ivoire,,,,,RMO Jobcenter,https://www.rmo-jobcenter.com/fr/cote-d-ivoire/offres-emploi/ntic/3817-chef-produit-digital.html,,NTIC,2026-06-19,2026-07-06,active,
★★★★☆,4,Commercial B2B – Télécoms H/F,ACS TELECOM,Commercial & Vente,Tech & Digital,Confirmé,Côte d'ivoire,,22 Avril,,,Novojob,https://www.novojob.com/cote-d-ivoire/offres-d-emploi/offre-d-emploi/cote-d-ivoire/136677-commercial-b2b-telecoms-h-f,Confirmé / Expérimenté ( 3 à 5 ans ),,2026-06-19,2026-07-06,active,
★★★★☆,4,DESIGNER UI/UX & INFOGRAPHISTE,,Product & Design,Tech & Digital,Confirmé,Côte d'Ivoire,,19/06/2026,24/07/2026,,Educarriere,https://emploi.educarriere.ci/offre-151394-designer-ui-ux-infographiste.html,,,2026-06-19,2026-06-22,active,
★★★★☆,4,Data Scientist,YESHI GROUP,Data & IA,Tech & Digital,Confirmé,Côte d'ivoire,,17 Mai,,,Novojob,https://www.novojob.com/cote-d-ivoire/offres-d-emploi/offre-d-emploi/cote-d-ivoire/136692-data-scientist,Confirmé / Expérimenté ( 3 à 5 ans ),,2026-06-19,2026-07-06,active,
★★★★☆,4,Freelance Transcriptionist — Akan,Perle,Autres métiers,Tech & Digital,Confirmé,"Yamoussoukro, Yamoussoukro, Côte d'Ivoire",Full-time,2026-06-25,,,LinkedIn,https://ci.linkedin.com/jobs/view/freelance-transcriptionist-%E2%80%94-akan-at-perle-4432199045?position=1&pageNum=0&refId=4Jpc0wwY7rwx6x0qEeMHqA%3D%3D&trackingId=iS7g1dVo7dDYnRSK%2F2pRJw%3D%3D,Not Applicable,"Technology, Information and Internet",2026-06-29,2026-07-06,active,
★★★★☆,4,Ingenieur Support Data Center,,Ingénierie & Technique,Tech & Digital,Confirmé,Côte d'Ivoire,,,,,RMO Jobcenter,https://www.rmo-jobcenter.com/fr/cote-d-ivoire/offres-emploi/ntic/3971-ingenieur-support-data-center.html,,NTIC,2026-06-19,2026-07-06,active,
★★★★☆,4,Motion graphics designer,Odixcity Consulting,Product & Design,Tech & Digital,Confirmé,Côte d'Ivoire,Full-time,2026-06-11,,"$6,000.00/yr - $8,400.00/yr",LinkedIn,https://ci.linkedin.com/jobs/view/motion-graphics-designer-at-odixcity-consulting-4427646508?position=40&pageNum=0&refId=4Jpc0wwY7rwx6x0qEeMHqA%3D%3D&trackingId=wU9kXU7qc2uRwW4aFuA9xQ%3D%3D,Not Applicable,Human Resources Services,2026-06-19,2026-07-06,active,
★★★★☆,4,"Spécialiste de la gestion du savoir, des données et des systèmes d'information _ Bd4_Projet WEECAP (H/F)",Giz Côte d'Ivoire,Autres métiers,Tech & Digital,Confirmé,"Abidjan, Côte d'ivoire",,23 Juin,,,Novojob,https://www.novojob.com/cote-d-ivoire/offres-d-emploi/offre-d-emploi/cote-d-ivoire/abidjan/136741-specialiste-de-la-gestion-du-savoir-des-donnees-et-des-systemes-d-information-bd4-projet-weecap-h-f,Confirmé / Expérimenté ( 6 à 10 ans ),,2026-06-29,2026-07-06,active,
★★★★☆,4,Technicien Télécom (H/F),ACS TELECOM,Ingénierie & Technique,Tech & Digital,Confirmé,Côte d'ivoire,,22 Avril,,,Novojob,https://www.novojob.com/cote-d-ivoire/offres-d-emploi/offre-d-emploi/cote-d-ivoire/136678-technicien-telecom-h-f,Confirmé / Expérimenté ( 1 à 2 ans ),,2026-06-19,2026-07-06,active,
★★★★☆,4,Technico Commercia,,Autres métiers,Tech & Digital,Confirmé,Côte d'Ivoire,,,,,RMO Jobcenter,https://www.rmo-jobcenter.com/fr/cote-d-ivoire/offres-emploi/ntic/3516-technico-commercial.html,,NTIC,2026-06-29,2026-07-06,active,
★★★★☆,4,UN (1) BUSINESS DEVELOPER - H/F,AGILOYA AFRIQUE,Développement & Logiciel,Tech & Digital,Confirmé,"Abidjan, Côte d'Ivoire",Full-time,2026-06-17,,,LinkedIn,https://ci.linkedin.com/jobs/view/un-1-business-developer-h-f-at-agiloya-afrique-4428707521?position=53&pageNum=0&refId=4Jpc0wwY7rwx6x0qEeMHqA%3D%3D&trackingId=pEhdJdD7pJQt7vMri0Mw2Q%3D%3D,Not Applicable,Human Resources Services,2026-06-19,2026-07-06,active,
★★★★☆,4,Coach Educateur/Trice U17 Elite,,Enseignement & Formation,Éducation & Formation,Senior,"Marcory, Abidjan, Côte d'Ivoire",Full-time,2026-06-26,,,LinkedIn,https://ci.linkedin.com/jobs/view/coach-educateur-trice-u17-elite-4430271914?position=8&pageNum=2&refId=OxNX9GhFSadN1x3I%2FEbrMw%3D%3D&trackingId=R2IcELgB5Di%2FD8qpTGb1XA%3D%3D&trk=public_jobs_jserp-result_search-card,Mid-Senior level,Education and Training,2026-06-29,2026-07-06,active,
★★★☆☆,3,CORRESPONDANT FICHIER,Entreprise anonyme,Administration & Assistanat,Administration,Confirmé,Côte d'ivoire,,16 Juin,,,Novojob,https://www.novojob.com/cote-d-ivoire/offres-d-emploi/offre-d-emploi/cote-d-ivoire/136734-correspondant-fichier,Confirmé / Expérimenté ( 6 à 10 ans ),,2026-06-19,2026-07-06,active,
★★★☆☆,3,Attaché audiovisuel régional (F/H) - Ambassade de France en Côte d'Ivoire - Service de coopération et d'action culturelle - Abidjan,Ministère des Affaires étrangères français,Communication & Contenu,Autres / Généraliste,Confirmé,"Abidjan, Abidjan, Côte d'Ivoire",Full-time,2026-06-15,,,LinkedIn,https://ci.linkedin.com/jobs/view/attach%C3%A9-audiovisuel-r%C3%A9gional-f-h-ambassade-de-france-en-c%C3%B4te-d-ivoire-service-de-coop%C3%A9ration-et-d-action-culturelle-abidjan-at-minist%C3%A8re-des-affaires-%C3%A9trang%C3%A8res-fran%C3%A7ais-4428673124?position=23&pageNum=0&refId=4Jpc0wwY7rwx6x0qEeMHqA%3D%3D&trackingId=zVOdPMRCkukj1W6%2FdKNGYg%3D%3D,Not Applicable,Public Policy Offices,2026-06-19,2026-07-06,active,
★★★☆☆,3,Chargé de mission de coopération à vocation régionale (F/H) - Ambassade de France en Côte d'Ivoire - Service de coopération et d'action culturelle - Abidjan,Ministère des Affaires étrangères français,Autres métiers,Autres / Généraliste,Confirmé,"Abidjan, Abidjan, Côte d'Ivoire",Full-time,2026-06-15,,,LinkedIn,https://ci.linkedin.com/jobs/view/charg%C3%A9-de-mission-de-coop%C3%A9ration-%C3%A0-vocation-r%C3%A9gionale-f-h-ambassade-de-france-en-c%C3%B4te-d-ivoire-service-de-coop%C3%A9ration-et-d-action-culturelle-abidjan-at-minist%C3%A8re-des-affaires-%C3%A9trang%C3%A8res-fran%C3%A7ais-4428666149?position=6&pageNum=7&refId=wSe8P2Xh6xznQH53pgYmww%3D%3D&trackingId=uSuJMXLxMGm2ZmfnCwHOgw%3D%3D,Not Applicable,Public Policy Offices,2026-06-22,2026-07-06,active,
★★★☆☆,3,Chargé(e)s D’Affaires,BOA CI,Autres métiers,Autres / Généraliste,Confirmé,"Abidjan, Côte d'ivoire",,12 Juin,,,Novojob,https://www.novojob.com/cote-d-ivoire/offres-d-emploi/offre-d-emploi/cote-d-ivoire/abidjan/136725-charge-e-s-d-affaires,Confirmé / Expérimenté ( 6 à 10 ans ),,2026-06-19,2026-07-06,active,
★★★☆☆,3,Chef Projet I,,Gestion de projet,Autres / Généraliste,Confirmé,Côte d'Ivoire,,,,,RMO Jobcenter,https://www.rmo-jobcenter.com/fr/cote-d-ivoire/offres-emploi/services/4002-chef-projet-it.html,,Services,2026-06-19,2026-07-06,active,
★★★☆☆,3,ELECTROMECANICIEN (H/F),SOLIBRA (Société de Limonaderies et de Brasseries d'Afrique),Autres métiers,Autres / Généraliste,Confirmé,"Abidjan, Côte d'ivoire",,26 Juin,,,Novojob,https://www.novojob.com/cote-d-ivoire/offres-d-emploi/offre-d-emploi/cote-d-ivoire/abidjan/136753-electromecanicien-h-f,Confirmé / Expérimenté ( 3 à 5 ans ),,2026-06-29,2026-07-06,active,
★★★☆☆,3,Electromécanicien H/F,Solibra CI,Autres métiers,Autres / Généraliste,Confirmé,"Abidjan, Abidjan, Côte d'Ivoire",Full-time,2026-06-24,,,LinkedIn,https://ci.linkedin.com/jobs/view/electrom%C3%A9canicien-h-f-at-solibra-ci-4432880136?position=28&pageNum=0&refId=4Jpc0wwY7rwx6x0qEeMHqA%3D%3D&trackingId=lJOyym9x3Zm725UdTH5dng%3D%3D,Not Applicable,Beverage Manufacturing,2026-06-29,2026-07-06,active,
★★★☆☆,3,Gerente de Capacitacion,Thompson Hotels,Direction & Management,Autres / Généraliste,Confirmé,"Gro, Vallée du Bandama, Côte d'Ivoire",Full-time,2026-06-29,,,LinkedIn,https://ci.linkedin.com/jobs/view/gerente-de-capacitacion-at-thompson-hotels-4334131205?position=7&pageNum=5&refId=vSMCJyZ4Dm0kWGu1mUDcYQ%3D%3D&trackingId=1ODiF2r0ghaZtqyJfBRu2w%3D%3D,Not Applicable,Hospitality,2026-06-19,2026-07-06,active,
★★★☆☆,3,HR Officer,BIA GROUP,Ressources Humaines,Autres / Généraliste,Confirmé,Côte d'Ivoire,Full-time,2026-07-01,,,LinkedIn,https://ci.linkedin.com/jobs/view/hr-officer-at-bia-group-4426839968?position=56&pageNum=0&refId=4Jpc0wwY7rwx6x0qEeMHqA%3D%3D&trackingId=OcQymYqvV0KgbXdqwkIlVA%3D%3D,Not Applicable,Machinery Manufacturing,2026-06-19,2026-07-06,active,
★★★☆☆,3,OPERATIONS SUPPORT OFFICER,ReliefWeb,Relation Client & Support,Autres / Généraliste,Confirmé,Côte d'Ivoire,Contract,2026-06-19,,,LinkedIn,https://ci.linkedin.com/jobs/view/operations-support-officer-at-reliefweb-4430997067?position=35&pageNum=0&refId=4Jpc0wwY7rwx6x0qEeMHqA%3D%3D&trackingId=JF2FcsgCP42MZMIZo7aC0w%3D%3D,Not Applicable,International Affairs,2026-06-19,2026-07-06,active,
★★★☆☆,3,SHE Coordinator,Louis Dreyfus Company,Autres métiers,Autres / Généraliste,Confirmé,"Abidjan, Côte d'Ivoire",Full-time,2026-06-11,,,LinkedIn,https://ci.linkedin.com/jobs/view/she-coordinator-at-louis-dreyfus-company-4423200644?position=3&pageNum=2&refId=OxNX9GhFSadN1x3I%2FEbrMw%3D%3D&trackingId=I%2F619dM4w4G%2BExha7k2UrQ%3D%3D,Not Applicable,Food and Beverage Manufacturing and International Trade and Development,2026-07-06,2026-07-06,active,
★★★☆☆,3,Transcriptionist | $95/hr Remote,Crossing Hurdles,Ressources Humaines,Autres / Généraliste,Confirmé,Côte d'Ivoire,Contract,2026-07-03,,$15.00/hr - $95.00/hr,LinkedIn,https://ci.linkedin.com/jobs/view/transcriptionist-%2495-hr-remote-at-crossing-hurdles-4435439660?position=49&pageNum=0&refId=4Jpc0wwY7rwx6x0qEeMHqA%3D%3D&trackingId=wVmT4A%2FVuzS%2F1A2pDwwsqg%3D%3D,Associate,Translation and Localization,2026-07-06,2026-07-06,active,
★★★☆☆,3,Engenheiro/a de Minas - Direção de Produção (PT),Mota-Engil,Autres métiers,BTP & Construction,Confirmé,"PALM CI Village V2, Gôh-Djiboua, Côte d'Ivoire",Full-time,2026-06-25,,,LinkedIn,https://ci.linkedin.com/jobs/view/engenheiro-a-de-minas-dire%C3%A7%C3%A3o-de-produ%C3%A7%C3%A3o-pt-at-mota-engil-4430281350?position=4&pageNum=0&refId=4Jpc0wwY7rwx6x0qEeMHqA%3D%3D&trackingId=v8Oco8kATg6JX321KoqawA%3D%3D,Not Applicable,Construction,2026-06-29,2026-07-06,active,
★★★☆☆,3,Millwright,AFGRI,Autres métiers,BTP & Construction,Confirmé,"Za, Sassandra-Marahoué, Côte d'Ivoire",Full-time,2026-07-03,,,LinkedIn,https://ci.linkedin.com/jobs/view/millwright-at-afgri-4436917333?position=37&pageNum=0&refId=4Jpc0wwY7rwx6x0qEeMHqA%3D%3D&trackingId=7xpJpUCh5TCiU73xPxWfww%3D%3D,Not Applicable,"Agriculture, Construction, Mining Machinery Manufacturing",2026-07-06,2026-07-06,active,
★★★☆☆,3,OPERATEURS BETONS PREFABRIQUES,,BTP & Construction,BTP & Construction,Confirmé,Côte d'Ivoire,,19/06/2026,27/07/2026,,Educarriere,https://emploi.educarriere.ci/offre-151384-operateurs-betons-prefabriques.html,,,2026-06-19,2026-06-22,active,
★★★☆☆,3,CHARGE DE COMPTES ENTREPRISES H/F,BOA CI,Commercial & Vente,Commerce & Vente,Confirmé,"Abidjan, Côte d'ivoire",,12 Juin,,,Novojob,https://www.novojob.com/cote-d-ivoire/offres-d-emploi/offre-d-emploi/cote-d-ivoire/abidjan/136721-charge-de-comptes-entreprises-h-f,Confirmé / Expérimenté ( 3 à 5 ans ),,2026-06-19,2026-07-06,active,
★★★☆☆,3,CHARGE D’AFFAIRES MID H/F,BOA CI,Commercial & Vente,Commerce & Vente,Confirmé,"Abidjan, Côte d'ivoire",,12 Juin,,,Novojob,https://www.novojob.com/cote-d-ivoire/offres-d-emploi/offre-d-emploi/cote-d-ivoire/abidjan/136723-charge-d-affaires-mid-h-f,Confirmé / Expérimenté ( 3 à 5 ans ),,2026-06-19,2026-07-06,active,
★★★☆☆,3,COMMERCIAL BTP H/F,,Commercial & Vente,Commerce & Vente,Confirmé,Côte d'Ivoire,,19/06/2026,27/07/2026,,Educarriere,https://emploi.educarriere.ci/offre-151401-commercial-btp-h-f.html,,,2026-06-19,2026-06-22,active,
★★★☆☆,3,Commercial Terrain Developpemen,,Commercial & Vente,Commerce & Vente,Confirmé,Côte d'Ivoire,,,,,RMO Jobcenter,https://www.rmo-jobcenter.com/fr/cote-d-ivoire/offres-emploi/services/4060-commercial-terrain-developpement.html,,Services,2026-07-06,2026-07-06,active,
★★★☆☆,3,Conseiller régional en santé mondiale (F/H) - Ambassade de France en Côte d'Ivoire / Santé mondiale - Abidjan,Ministère des Affaires étrangères français,"Conseil, Expertise & Stratégie",Commerce & Vente,Confirmé,"Abidjan, Abidjan, Côte d'Ivoire",Full-time,2026-06-15,,,LinkedIn,https://ci.linkedin.com/jobs/view/conseiller-r%C3%A9gional-en-sant%C3%A9-mondiale-f-h-ambassade-de-france-en-c%C3%B4te-d-ivoire-sant%C3%A9-mondiale-abidjan-at-minist%C3%A8re-des-affaires-%C3%A9trang%C3%A8res-fran%C3%A7ais-4428667155?position=33&pageNum=0&refId=4Jpc0wwY7rwx6x0qEeMHqA%3D%3D&trackingId=uJzTbaDpkm6ywOJ0wOZeDg%3D%3D,Not Applicable,Public Policy Offices,2026-06-19,2026-07-06,active,
★★★☆☆,3,Conseiller.ère en gestion des risques de sécurité (SRMA) _ Bd4,Giz Côte d'Ivoire,Autres métiers,Commerce & Vente,Confirmé,"Abidjan, Côte d'ivoire",,03 Juillet,,,Novojob,https://www.novojob.com/cote-d-ivoire/offres-d-emploi/offre-d-emploi/cote-d-ivoire/abidjan/136759-conseiller-ere-en-gestion-des-risques-de-securite-srma-bd4,Confirmé / Expérimenté ( 6 à 10 ans ),,2026-07-06,2026-07-06,active,
★★★☆☆,3,Partenaires affiliés H/F,Melbet Côte d'ivoire,Commercial & Vente,Commerce & Vente,Confirmé,Côte d'ivoire,,07 Mai,,,Novojob,https://www.novojob.com/cote-d-ivoire/offres-d-emploi/offre-d-emploi/cote-d-ivoire/136688-partenaires-affilies-h-f,Confirmé / Expérimenté ( 3 à 5 ans ),,2026-06-19,2026-07-06,active,
★★★☆☆,3,Sales Officer Mid-size industry and retail,Puratos Schobbers,Commercial & Vente,Commerce & Vente,Confirmé,Côte d'Ivoire,Full-time,2026-07-06,,,LinkedIn,https://ci.linkedin.com/jobs/view/sales-officer-mid-size-industry-and-retail-at-puratos-schobbers-4437138125?position=25&pageNum=0&refId=4Jpc0wwY7rwx6x0qEeMHqA%3D%3D&trackingId=Xr4pRwledEXdkDvvdS6B0A%3D%3D,Not Applicable,Food and Beverage Manufacturing,2026-07-06,2026-07-06,active,
★★★☆☆,3,Technico Commercial Vehicule,,Commercial & Vente,Commerce & Vente,Confirmé,Côte d'Ivoire,,,,,RMO Jobcenter,https://www.rmo-jobcenter.com/fr/cote-d-ivoire/offres-emploi/commerce-vente-distribution/3890-technico-commercial-vehicule.html,,Commerce/vente/Distribution,2026-06-19,2026-07-06,active,
★★★☆☆,3,Technico-Commercial (H/F),,Commercial & Vente,Commerce & Vente,Confirmé,Côte d'Ivoire,,19/06/2026,13/07/2026,,Educarriere,https://emploi.educarriere.ci/offre-151407-technico-commercial-h-f.html,,,2026-06-19,2026-06-22,active,
★★★☆☆,3,"Cote d'ivoire Internship - Market Operations, Abidjan 2026",Citi,Opérations & Supervision,Finance & Banque,Stage,"Abidjan, Abidjan, Côte d'Ivoire",Full-time,2026-07-04,,,LinkedIn,https://ci.linkedin.com/jobs/view/cote-d-ivoire-internship-market-operations-abidjan-2026-at-citi-4435788210?position=45&pageNum=0&refId=4Jpc0wwY7rwx6x0qEeMHqA%3D%3D&trackingId=0tiEizqhtgBUpTUoldWwWw%3D%3D,Not Applicable,"Banking, Financial Services, and Investment Banking",2026-07-06,2026-07-06,active,
★★★☆☆,3,Joint Venture Accountant,Eni,Comptabilité,Finance & Banque,Junior,"Abidjan, Côte d'Ivoire",Contract,2026-07-02,,,LinkedIn,https://ci.linkedin.com/jobs/view/joint-venture-accountant-at-eni-4425482893?position=21&pageNum=0&refId=4Jpc0wwY7rwx6x0qEeMHqA%3D%3D&trackingId=eri1cJ2cUbuy87BopX4Nkg%3D%3D,Entry level,"Oil and Gas and Oil, Gas, and Mining",2026-06-22,2026-07-06,active,
★★★☆☆,3,Junior Accountant,JMG Limited,Comptabilité,Finance & Banque,Junior,"Abidjan, Côte d'Ivoire",Full-time,2026-07-03,,,LinkedIn,https://ci.linkedin.com/jobs/view/junior-accountant-at-jmg-limited-4428928765?position=41&pageNum=0&refId=4Jpc0wwY7rwx6x0qEeMHqA%3D%3D&trackingId=C3BftLqBXtjk3ShuabEh7w%3D%3D,Entry level,Manufacturing,2026-07-06,2026-07-06,active,
★★★☆☆,3,INGENIEUR EXPLOITATION-APPLICATIONS H/F,BOA CI,Ingénierie & Technique,Ingénierie & Industrie,Junior,"Abidjan, Côte d'ivoire",,22 Juin,,,Novojob,https://www.novojob.com/cote-d-ivoire/offres-d-emploi/offre-d-emploi/cote-d-ivoire/abidjan/136738-ingenieur-exploitation-applications-h-f,Débutant / Junior ( 1 à 2 ans ),,2026-06-29,2026-07-06,active,
★★★☆☆,3,Assistant Logistique,,Logistique & Supply Chain,Logistique & Achats,Confirmé,Côte d'Ivoire,,,,,RMO Jobcenter,https://www.rmo-jobcenter.com/fr/cote-d-ivoire/offres-emploi/commerce-vente-distribution/3899-assistant-logistique.html,,Commerce/vente/Distribution,2026-06-19,2026-07-06,active,
★★★☆☆,3,Gestionnaire de flotte automobile (VTC),Heetch,Autres métiers,Logistique & Achats,Confirmé,"Abidjan, Côte d'Ivoire",Full-time,2026-06-10,,,LinkedIn,https://ci.linkedin.com/jobs/view/gestionnaire-de-flotte-automobile-vtc-at-heetch-4436973893?position=46&pageNum=0&refId=4Jpc0wwY7rwx6x0qEeMHqA%3D%3D&trackingId=K1VnnwI46Kh7l8KTSozVuA%3D%3D,Not Applicable,Information Technology & Services,2026-07-06,2026-07-06,active,
★★★☆☆,3,"Logistics and Supply Chain Analyst, Côte d'Ivoire",Zipline,Logistique & Supply Chain,Logistique & Achats,Confirmé,"Abidjan, Côte d'Ivoire",Full-time,2026-06-18,,,LinkedIn,https://ci.linkedin.com/jobs/view/logistics-and-supply-chain-analyst-c%C3%B4te-d-ivoire-at-zipline-4411218059?position=2&pageNum=5&refId=vSMCJyZ4Dm0kWGu1mUDcYQ%3D%3D&trackingId=KYw3mDBYdb6AYXUQHX6aeg%3D%3D,Not Applicable,"Transportation, Logistics, Supply Chain and Storage",2026-06-19,2026-07-06,active,
★★★☆☆,3,Magasinier Emballages  H/F,SOLIBRA (Société de Limonaderies et de Brasseries d'Afrique),Logistique & Supply Chain,Logistique & Achats,Confirmé,"Abidjan, Côte d'ivoire",,22 Mai,,,Novojob,https://www.novojob.com/cote-d-ivoire/offres-d-emploi/offre-d-emploi/cote-d-ivoire/abidjan/136699-magasinier-emballages-h-f,Confirmé / Expérimenté ( 3 à 5 ans ),,2026-06-19,2026-07-06,active,
★★★☆☆,3,Magasinier Produits finis H/F,SOLIBRA (Société de Limonaderies et de Brasseries d'Afrique),Logistique & Supply Chain,Logistique & Achats,Confirmé,"Abidjan, Côte d'ivoire",,28 Mai,,,Novojob,https://www.novojob.com/cote-d-ivoire/offres-d-emploi/offre-d-emploi/cote-d-ivoire/abidjan/136706-magasinier-produits-finis-h-f,Confirmé / Expérimenté ( 3 à 5 ans ),,2026-06-19,2026-07-06,active,
★★★☆☆,3,Pointeur Quai  H/F,SOLIBRA (Société de Limonaderies et de Brasseries d'Afrique),Logistique & Supply Chain,Logistique & Achats,Confirmé,"Abidjan, Côte d'ivoire",,22 Mai,,,Novojob,https://www.novojob.com/cote-d-ivoire/offres-d-emploi/offre-d-emploi/cote-d-ivoire/abidjan/136698-pointeur-quai-h-f,Confirmé / Expérimenté ( 3 à 5 ans ),,2026-06-19,2026-07-06,active,
★★★☆☆,3,Affililé Marketing H/F,Melbet Côte d'ivoire,Marketing & Growth,Marketing & Communication,Junior,Côte d'ivoire,,07 Mai,,,Novojob,https://www.novojob.com/cote-d-ivoire/offres-d-emploi/offre-d-emploi/cote-d-ivoire/136687-affilile-marketing-h-f,Débutant / Junior ( 3 à 5 ans ),,2026-06-19,2026-07-06,active,
★★★☆☆,3,Stagiaire Assistant Marketing,Danone,Marketing & Growth,Marketing & Communication,Stage,"Abidjan, Côte d'Ivoire",Full-time,2026-06-29,,,LinkedIn,https://ci.linkedin.com/jobs/view/stagiaire-assistant-marketing-at-danone-4434717835?position=18&pageNum=0&refId=4Jpc0wwY7rwx6x0qEeMHqA%3D%3D&trackingId=4SuBgwnmQHj%2BKIh0qt5eLQ%3D%3D,Not Applicable,"Manufacturing, Food and Beverage Services, and Food and Beverage Manufacturing",2026-07-06,2026-07-06,active,
★★★☆☆,3,BOA-CI CAP CARRIERE Programme de stage 2026,BOA CI,Autres métiers,ONG & Projets,Stage,"Abidjan, Côte d'ivoire",,20 Mai,,,Novojob,https://www.novojob.com/cote-d-ivoire/offres-d-emploi/offre-d-emploi/cote-d-ivoire/abidjan/136694-boa-ci-cap-carriere-programme-de-stage-2026,Jeune diplômé ( Sans expérience ),,2026-06-19,2026-07-06,active,
★★★☆☆,3,Chargé de la Production Informatique H/F,BOA CI,Production & Industrie,Tech & Digital,Junior,"Abidjan, Côte d'ivoire",,12 Juin,,,Novojob,https://www.novojob.com/cote-d-ivoire/offres-d-emploi/offre-d-emploi/cote-d-ivoire/abidjan/136724-charge-de-la-production-informatique-h-f,Débutant / Junior ( 1 à 2 ans ),,2026-06-19,2026-07-06,active,
★★☆☆☆,2,ASSISTANT EXCELLENCE OPERATIONNELLE JUNIOR H/F,SOLIBRA (Société de Limonaderies et de Brasseries d'Afrique),Opérations & Supervision,Administration,Junior,"Abidjan, Côte d'ivoire",,03 Juillet,,,Novojob,https://www.novojob.com/cote-d-ivoire/offres-d-emploi/offre-d-emploi/cote-d-ivoire/abidjan/136758-assistant-excellence-operationnelle-junior-h-f,Confirmé / Expérimenté ( 3 à 5 ans ),,2026-07-06,2026-07-06,active,
★★☆☆☆,2,HR Assistant,Alliad,Ressources Humaines,Administration,Junior,"Abidjan, Abidjan, Côte d'Ivoire",Full-time,2026-06-16,,,LinkedIn,https://ci.linkedin.com/jobs/view/hr-assistant-at-alliad-4426802562?position=14&pageNum=0&refId=4Jpc0wwY7rwx6x0qEeMHqA%3D%3D&trackingId=LlUT9m96tvz%2FE%2BE5TW1swA%3D%3D,Entry level,Construction,2026-06-19,2026-07-06,active,
★★☆☆☆,2,OPERATEUR DE SAISIE (2) H/F - BOUAKE,SOLIBRA (Société de Limonaderies et de Brasseries d'Afrique),Administration & Assistanat,Administration,Junior,"Bouake, Côte d'ivoire",,26 Mai,,,Novojob,https://www.novojob.com/cote-d-ivoire/offres-d-emploi/offre-d-emploi/cote-d-ivoire/bouake/136704-operateur-de-saisie-2-h-f-bouake,Débutant / Junior ( 1 à 2 ans ),,2026-06-19,2026-07-06,active,
★★☆☆☆,2,Electromécanicien H/F,SOLIBRA (Société de Limonaderies et de Brasseries d'Afrique),Autres métiers,Autres / Généraliste,Junior,"Abidjan, Côte d'ivoire",,24 Juin,,,Novojob,https://www.novojob.com/cote-d-ivoire/offres-d-emploi/offre-d-emploi/cote-d-ivoire/abidjan/136742-electromecanicien-h-f,Débutant / Junior ( 3 à 5 ans ),,2026-06-29,2026-07-06,active,
★★☆☆☆,2,"Opticien(ne) - Aboisso, Cote d'Ivoire",Lapaire,Santé & Médical,Autres / Généraliste,Junior,"Aboisso, Comoé, Côte d'Ivoire",Full-time,2026-06-22,,,LinkedIn,https://ci.linkedin.com/jobs/view/opticien-ne-aboisso-cote-d-ivoire-at-lapaire-4431797701?position=7&pageNum=2&refId=OxNX9GhFSadN1x3I%2FEbrMw%3D%3D&trackingId=RtvvJBL3PKgPqpk1rBmxvQ%3D%3D,Entry level,Internet Publishing,2026-07-06,2026-07-06,active,
★★☆☆☆,2,"Opticien(ne) - Ferkessédougou, Cote d'Ivoire",Lapaire,Santé & Médical,Autres / Généraliste,Junior,Côte d'Ivoire,Full-time,2026-06-22,,,LinkedIn,https://ci.linkedin.com/jobs/view/opticien-ne-ferkess%C3%A9dougou-cote-d-ivoire-at-lapaire-4432003258?position=4&pageNum=7&refId=wSe8P2Xh6xznQH53pgYmww%3D%3D&trackingId=WtgRgceTQYKhybYyxm2y3g%3D%3D,Entry level,Internet Publishing,2026-07-06,2026-07-06,active,
★★☆☆☆,2,"Opticien(ne) - Odienné,Cote d'Ivoire",Lapaire,Santé & Médical,Autres / Généraliste,Junior,"Odienné, Denguélé District, Côte d'Ivoire",Full-time,2026-06-22,,,LinkedIn,https://ci.linkedin.com/jobs/view/opticien-ne-odienn%C3%A9-cote-d-ivoire-at-lapaire-4431795746?position=5&pageNum=5&refId=vSMCJyZ4Dm0kWGu1mUDcYQ%3D%3D&trackingId=zSzkdtmTCB7QwgyfuAibqA%3D%3D,Entry level,Internet Publishing,2026-07-06,2026-07-06,active,
★★☆☆☆,2,"Project Officer, GGSP-CALAO",DevelopmentAid,Autres métiers,Autres / Généraliste,Junior,"Abidjan, Abidjan, Côte d'Ivoire",Full-time,2026-06-29,,,LinkedIn,https://ci.linkedin.com/jobs/view/project-officer-ggsp-calao-at-developmentaid-4434708262?position=59&pageNum=0&refId=4Jpc0wwY7rwx6x0qEeMHqA%3D%3D&trackingId=MmkLQnmxrtvYMmI45SpXYQ%3D%3D,Entry level,International Trade and Development,2026-07-06,2026-07-06,active,
★★☆☆☆,2,健康安全环境管理体系专员,TWYFORD INTERNATIONAL (Côte d'Ivoire),Autres métiers,BTP & Construction,Junior,"Alépé, Lagunes, Côte d'Ivoire",Full-time,2026-06-26,,,LinkedIn,https://ci.linkedin.com/jobs/view/%E5%81%A5%E5%BA%B7%E5%AE%89%E5%85%A8%E7%8E%AF%E5%A2%83%E7%AE%A1%E7%90%86%E4%BD%93%E7%B3%BB%E4%B8%93%E5%91%98-at-twyford-international-c%C3%B4te-d-ivoire-4434039064?position=2&pageNum=2&refId=OxNX9GhFSadN1x3I%2FEbrMw%3D%3D&trackingId=2KSSTtpkQNsNovn3g6N1kA%3D%3D,Entry level,Construction and Manufacturing,2026-07-06,2026-07-06,active,
★★☆☆☆,2,Commercial (e) Externe - Agboville (Côte d'Ivoire),Lapaire,Commercial & Vente,Commerce & Vente,Junior,"Agboville, Lagunes, Côte d'Ivoire",Full-time,2026-07-03,,,LinkedIn,https://ci.linkedin.com/jobs/view/commercial-e-externe-agboville-c%C3%B4te-d-ivoire-at-lapaire-4436791369?position=15&pageNum=0&refId=4Jpc0wwY7rwx6x0qEeMHqA%3D%3D&trackingId=MleTRNBTqPTId%2BI1q3k%2F9w%3D%3D,Entry level,Internet Publishing,2026-07-06,2026-07-06,active,
★★☆☆☆,2,Commercial (e) Externe - Agnibilékro (Côte d'Ivoire),Lapaire,Commercial & Vente,Commerce & Vente,Junior,Côte d'Ivoire,Full-time,2026-06-22,,,LinkedIn,https://ci.linkedin.com/jobs/view/commercial-e-externe-agnibil%C3%A9kro-c%C3%B4te-d-ivoire-at-lapaire-4431795396?position=12&pageNum=0&refId=4Jpc0wwY7rwx6x0qEeMHqA%3D%3D&trackingId=qoyh1ImbLcAY6616ApRd%2Bg%3D%3D,Entry level,Internet Publishing,2026-06-29,2026-07-06,active,
★★☆☆☆,2,Commercial (e) Externe - Bassam (Côte d'Ivoire),Lapaire,Commercial & Vente,Commerce & Vente,Junior,"Grand-Bassam, Comoé, Côte d'Ivoire",Full-time,2026-06-22,,,LinkedIn,https://ci.linkedin.com/jobs/view/commercial-e-externe-bassam-c%C3%B4te-d-ivoire-at-lapaire-4432010116?position=34&pageNum=0&refId=4Jpc0wwY7rwx6x0qEeMHqA%3D%3D&trackingId=%2B5Xmgm68SjAcB2vD2exJwQ%3D%3D,Entry level,Internet Publishing,2026-06-29,2026-07-06,active,
★★☆☆☆,2,Commercial (e) Externe - Bondoukou (Côte d'Ivoire),Lapaire,Commercial & Vente,Commerce & Vente,Junior,"Bondoukou, Zanzan, Côte d'Ivoire",Full-time,2026-06-22,,,LinkedIn,https://ci.linkedin.com/jobs/view/commercial-e-externe-bondoukou-c%C3%B4te-d-ivoire-at-lapaire-4432014044?position=9&pageNum=0&refId=4Jpc0wwY7rwx6x0qEeMHqA%3D%3D&trackingId=KdRfSuWR0zYqtxcjantfOg%3D%3D,Entry level,Internet Publishing,2026-06-29,2026-07-06,active,
★★☆☆☆,2,Commercial (e) Externe - Bonoua (Côte d'Ivoire),Lapaire,Commercial & Vente,Commerce & Vente,Junior,"Bonoua, Comoé, Côte d'Ivoire",Full-time,2026-06-22,,,LinkedIn,https://ci.linkedin.com/jobs/view/commercial-e-externe-bonoua-c%C3%B4te-d-ivoire-at-lapaire-4431797954?position=8&pageNum=0&refId=4Jpc0wwY7rwx6x0qEeMHqA%3D%3D&trackingId=1j33iI7uSaZyQgQx7%2F8J2g%3D%3D,Entry level,Internet Publishing,2026-06-29,2026-07-06,active,
★★☆☆☆,2,Commercial (e) Externe - Daoukro (Côte d'Ivoire),Lapaire,Commercial & Vente,Commerce & Vente,Junior,"Daoukro, Lacs, Côte d'Ivoire",Full-time,2026-06-22,,,LinkedIn,https://ci.linkedin.com/jobs/view/commercial-e-externe-daoukro-c%C3%B4te-d-ivoire-at-lapaire-4432007243?position=16&pageNum=0&refId=4Jpc0wwY7rwx6x0qEeMHqA%3D%3D&trackingId=gIv38AW%2B75pAINlumKdnuA%3D%3D,Entry level,Internet Publishing,2026-06-29,2026-07-06,active,
★★☆☆☆,2,Commercial (e) Externe - Gagnoa (Côte d'Ivoire),Lapaire,Commercial & Vente,Commerce & Vente,Junior,"Gagnoa, Gôh-Djiboua, Côte d'Ivoire",Full-time,2026-06-22,,,LinkedIn,https://ci.linkedin.com/jobs/view/commercial-e-externe-gagnoa-c%C3%B4te-d-ivoire-at-lapaire-4431798288?position=7&pageNum=0&refId=4Jpc0wwY7rwx6x0qEeMHqA%3D%3D&trackingId=h5ScjsGQ5vHWbV9eRjEpVA%3D%3D,Entry level,Internet Publishing,2026-06-29,2026-07-06,active,
★★☆☆☆,2,CHEF DE QUAI H/F - BOUAKE,SOLIBRA (Société de Limonaderies et de Brasseries d'Afrique),Logistique & Supply Chain,Logistique & Achats,Junior,"Bouake, Côte d'ivoire",,26 Mai,,,Novojob,https://www.novojob.com/cote-d-ivoire/offres-d-emploi/offre-d-emploi/cote-d-ivoire/bouake/136700-chef-de-quai-h-f-bouake,Débutant / Junior ( 1 à 2 ans ),,2026-06-19,2026-07-06,active,
★★☆☆☆,2,MAGASINIER EMBALLAGES -  H/F - BOUAKE,SOLIBRA (Société de Limonaderies et de Brasseries d'Afrique),Logistique & Supply Chain,Logistique & Achats,Junior,"Bouake, Côte d'ivoire",,26 Mai,,,Novojob,https://www.novojob.com/cote-d-ivoire/offres-d-emploi/offre-d-emploi/cote-d-ivoire/bouake/136701-magasinier-emballages-h-f-bouake,Débutant / Junior ( 1 à 2 ans ),,2026-06-19,2026-07-06,active,
★★☆☆☆,2,MAGASINIER PRODUITS FINIS (2) H/F - BOUAKE,SOLIBRA (Société de Limonaderies et de Brasseries d'Afrique),Logistique & Supply Chain,Logistique & Achats,Junior,"Bouake, Côte d'ivoire",,26 Mai,,,Novojob,https://www.novojob.com/cote-d-ivoire/offres-d-emploi/offre-d-emploi/cote-d-ivoire/bouake/136702-magasinier-produits-finis-2-h-f-bouake,Débutant / Junior ( 1 à 2 ans ),,2026-06-19,2026-07-06,active,
★★☆☆☆,2,POINTEUR QUAI (5) H/F - BOUAKE,SOLIBRA (Société de Limonaderies et de Brasseries d'Afrique),Logistique & Supply Chain,Logistique & Achats,Junior,"Bouake, Côte d'ivoire",,26 Mai,,,Novojob,https://www.novojob.com/cote-d-ivoire/offres-d-emploi/offre-d-emploi/cote-d-ivoire/bouake/136703-pointeur-quai-5-h-f-bouake,Débutant / Junior ( 1 à 2 ans ),,2026-06-19,2026-07-06,active,
★★☆☆☆,2,Stagiaire Assistant Administratif Achat / Import (H/F),YESHI GROUP,Logistique & Supply Chain,Logistique & Achats,Stage,Côte d'ivoire,,03 Juin,,,Novojob,https://www.novojob.com/cote-d-ivoire/offres-d-emploi/offre-d-emploi/cote-d-ivoire/136714-stagiaire-assistant-administratif-achat-import-h-f,Jeune diplômé ( Moins d’un an ),,2026-06-19,2026-07-06,active,
★☆☆☆☆,1,Caissière - Vendeuse,SEQUOIA STORE,Commercial & Vente,Commerce & Vente,Junior,Côte d'ivoire,,27 Avril,,,Novojob,https://www.novojob.com/cote-d-ivoire/offres-d-emploi/offre-d-emploi/cote-d-ivoire/136679-caissiere-vendeuse,Jeune diplômé ( 1 à 2 ans ),,2026-06-19,2026-07-06,active,
★☆☆☆☆,1,CHAUFFEUR POIDS LOURD (H/F),,Métiers de terrain,Logistique & Achats,Confirmé,Côte d'Ivoire,,19/06/2026,27/07/2026,,Educarriere,https://emploi.educarriere.ci/offre-151405-chauffeur-poids-lourd-h-f.html,,,2026-06-19,2026-06-22,active,
★☆☆☆☆,1,Livreur (MJ001908),Sunda International,Métiers de terrain,Logistique & Achats,Confirmé,Côte d'Ivoire,Full-time,2026-06-11,,,LinkedIn,https://ci.linkedin.com/jobs/view/livreur-mj001908-at-sunda-international-4427645640?position=10&pageNum=2&refId=OxNX9GhFSadN1x3I%2FEbrMw%3D%3D&trackingId=4cu%2BHHjjcajkLuIO3DeVjQ%3D%3D,Not Applicable,"Transportation, Logistics, Supply Chain and Storage and Motor Vehicle Manufacturing",2026-06-22,2026-07-06,active,
★☆☆☆☆,1,professeur de tricotage,Entreprise anonyme,Enseignement & Formation,Éducation & Formation,Confirmé,Côte d'ivoire,,16 Juin,,,Novojob,https://www.novojob.com/cote-d-ivoire/offres-d-emploi/offre-d-emploi/cote-d-ivoire/136735-professeur-de-tricotage,Confirmé / Expérimenté ( 6 à 10 ans ),,2026-06-19,2026-07-06,active,
